firstName,lastName,birthdate,email,phone,street1,street2,city,stateProvince,postalCode,country
Evaleen,Witheridge,1999-09-25,ewitheridge0@ning.com,6426211770,02401 Sugar Park,1 Springview Junction,Energeticheskiy,,41562,Kazakhstan
Annissa,Mapother,2003-03-24,amapother1@fastcompany.com,6255882542,9581 Sullivan Road,8 Dennis Trail,Zouérat,,75148,Mauritania
Nappie,Seine,1996-11-30,nseine2@twitpic.com,7726978159,35 Waxwing Plaza,77 Messerschmidt Crossing,Malibago,,56275,Philippines
Harmonia,Weadick,2001-12-25,hweadick3@weebly.com,1238299009,1990 Burrows Alley,8 Michigan Court,Lanzhong,,45281,China
Van,Powys,1992-07-05,vpowys4@drupal.org,4801612395,7698 Jackson Hill,32546 Superior Point,Chão,Viana do Castelo,40871,Portugal
Normie,Staterfield,1995-10-31,nstaterfield5@pen.io,5125873809,1170 Ridge Oak Crossing,7 Marquette Place,Beaufort,,98549,Luxembourg
Hadria,Oak,1997-07-27,hoak6@bloomberg.com,9606631490,0 Birchwood Alley,48968 High Crossing Way,Além Paraíba,,33657,Brazil
Calypso,Trazzi,2002-07-29,ctrazzi7@shinystat.com,1106270149,85 Maywood Way,8487 Merchant Alley,Mamedkala,,18897,Russia
Claretta,Farrier,1998-01-07,cfarrier8@t-online.de,1893739082,6526 Coleman Court,68919 Bashford Terrace,Karangsembung,,12471,Indonesia
Bradford,Morey,1998-10-03,bmorey9@umich.edu,7939991461,52 Dexter Junction,8858 Cottonwood Place,Banff,Alberta,29173,Canada
Gardner,Wimlett,1998-06-18,gwimletta@nationalgeographic.com,2274226536,49 Schlimgen Pass,055 Bowman Crossing,Rundeng,,42465,Indonesia
Rock,Blackie,1999-09-21,rblackieb@berkeley.edu,2637942859,17 Helena Place,8 Fieldstone Pass,Sanchahe,,13324,China
Jennette,Clayworth,2002-06-12,jclayworthc@cdbaby.com,1639598836,25203 Marcy Lane,40 Red Cloud Pass,Bindura,,42391,Zimbabwe
Wolf,MacFadden,1993-10-14,wmacfaddend@wikia.com,2287822848,608 Sycamore Center,5659 Namekagon Street,Zákupy,,99899,Czech Republic
Levy,Seleway,1999-09-11,lselewaye@bloomberg.com,9741841485,601 Colorado Street,4 Daystar Junction,Shuangxiqiao,,56436,China
Gabrielle,Marlor,2004-06-23,gmarlorf@usda.gov,7271432112,31 Shelley Pass,20 Farragut Road,Tayāsīr,,35019,Palestinian Territory
Annadiana,Slemming,1990-08-11,aslemmingg@tinypic.com,1578388086,03 Huxley Lane,61 Oakridge Place,Hernando,,59410,Argentina
Kalinda,Bullick,1994-11-08,kbullickh@pinterest.com,9282336738,18 Sage Lane,1235 Bobwhite Pass,Singajaya,,76849,Indonesia
Maud,Allred,1996-06-03,mallredi@youku.com,6092065286,1518 Manitowish Place,21 Cody Pass,Tukums,,33280,Latvia
James,Romand,1999-04-18,jromandj@google.cn,8459430724,099 Monica Crossing,5 Summer Ridge Road,Moro,,62190,Pakistan
Erin,Conew,1994-09-29,econewk@earthlink.net,6542206199,45 Becker Plaza,73425 Namekagon Lane,Thoeng,,50400,Thailand
Inna,Colaco,2004-02-24,icolacol@tumblr.com,3266238777,0 Donald Parkway,951 Spenser Junction,Santa Maria,,30689,Philippines
Conni,McKimmey,2003-04-11,cmckimmeym@aboutads.info,4721645427,0517 Annamark Place,599 Lotheville Avenue,Paiçandu,,88906,Brazil
Haily,Selby,1991-02-06,hselbyn@gov.uk,3289057325,29750 Nobel Court,5 Dorton Plaza,Dazhipo,,43749,China
Lynde,Walbrun,1995-09-16,lwalbruno@hud.gov,5012215531,541 Mallard Circle,7001 Maple Wood Avenue,Little Rock,Arkansas,70895,United States
Glendon,Vankeev,1992-02-25,gvankeevp@trellian.com,6683772874,7637 Comanche Park,753 Grim Avenue,Niquelândia,,57007,Brazil
Artair,Calcraft,1991-03-17,acalcraftq@macromedia.com,2784647036,8096 Ohio Way,0 Park Meadow Trail,Xidajie,,58981,China
Dmitri,Grace,1994-11-28,dgracer@qq.com,8946390628,39 Gateway Center,119 Springs Drive,Katrineholm,Södermanland,43487,Sweden
Gina,Lettuce,1995-10-28,glettuces@toplist.cz,9595670489,849 Kim Street,71 Marquette Junction,Stockholm,Stockholm,95069,Sweden
Dani,Doog,1997-11-11,ddoogt@fema.gov,8794729264,28290 Maywood Place,51 Boyd Lane,Vingåker,Södermanland,45343,Sweden
Markos,Tomaszek,1998-06-28,mtomaszeku@wikia.com,5938223182,85378 Hoard Trail,90318 Transport Avenue,Qal‘ah-ye Kuhnah,,50019,Afghanistan
Carma,Tunnick,1997-07-28,ctunnickv@multiply.com,8344446406,89155 Lerdahl Junction,85 Monument Park,Arras,Nord-Pas-de-Calais,96479,France
Kaylyn,Barth,1997-05-21,kbarthw@wufoo.com,8329580357,341 Hooker Road,46 Kingsford Terrace,Colima,,99482,Costa Rica
Jere,Eade,1998-06-17,jeadex@huffingtonpost.com,4638943201,494 Hovde Hill,1797 Maywood Road,Lipci,,48870,Montenegro
Erich,Emblem,2001-05-20,eemblemy@etsy.com,9271839317,247 Corry Terrace,1886 Vera Lane,Xarsingma,,39837,China
Rainer,Mulcaster,2005-05-04,rmulcasterz@shinystat.com,3601569492,73327 High Crossing Place,111 Little Fleur Drive,Perštejn,,38282,Czech Republic
Garrard,Rockliffe,1992-01-14,grockliffe10@europa.eu,6598110352,59386 Daystar Place,7364 Oak Valley Plaza,Kawasaki,,71746,Japan
Stephie,Aindriu,1998-10-06,saindriu11@digg.com,6331224958,4202 Rowland Hill,708 Linden Road,Saint-Joseph-de-Coleraine,Québec,82994,Canada
Jeanie,Restieaux,2005-04-28,jrestieaux12@fastcompany.com,1532670950,03386 Russell Trail,910 Northridge Hill,Calape,,80567,Philippines
Tomlin,Burfield,1994-07-25,tburfield13@mozilla.org,1507028767,228 Muir Plaza,0130 Weeping Birch Point,Hengshui,,71019,China
Carmela,Coulton,1991-07-10,ccoulton14@flickr.com,3405307494,1193 Rieder Lane,75 Union Junction,Samashki,,88474,Russia
Marta,Enric,2002-09-25,menric15@cam.ac.uk,1699390689,261 Sunbrook Plaza,2149 Sugar Circle,Ivry-sur-Seine,Île-de-France,82673,France
Darn,Gamble,2000-01-02,dgamble16@dyndns.org,9011279124,23 Ruskin Road,257 Raven Road,Pakong,,33560,Indonesia
Ado,Kenewel,2001-02-13,akenewel17@pcworld.com,2416191474,1300 Ludington Plaza,1 Melody Lane,Jinping,,51948,China
Malissa,Koppens,2002-01-26,mkoppens18@123-reg.co.uk,5497653270,5 Brown Park,76363 Lakeland Hill,Guadalupe,,72151,Philippines
Trip,Scally,1999-07-12,tscally19@flavors.me,2585326175,1499 Morningstar Lane,227 Burrows Parkway,Kalidawir,,58988,Indonesia
Jo,Payle,1999-09-27,jpayle1a@slideshare.net,6848691485,847 Vahlen Crossing,4 Marcy Trail,Batubantar,,19319,Indonesia
Jolene,Silby,1993-07-07,jsilby1b@amazonaws.com,3137718233,6333 Carioca Crossing,343 Barnett Court,Novoukrayinka,,94317,Ukraine
Tessy,Trenouth,1999-03-28,ttrenouth1c@odnoklassniki.ru,6124874228,811 Bayside Place,1373 High Crossing Circle,Nevel’,,26003,Russia
Beitris,Kays,1997-07-11,bkays1d@uol.com.br,9019848423,20 Oriole Circle,44819 Waywood Point,Dagang,,40496,China
Stafani,Bottini,1992-02-23,sbottini1e@edublogs.org,7431231504,12657 Karstens Junction,18 Prairieview Center,Sambirejo,,42272,Indonesia
Jervis,Downage,1992-05-03,jdownage1f@about.me,3672345815,63 Pawling Alley,2 Vidon Junction,Arnhem,Provincie Gelderland,52512,Netherlands
Debi,Rockingham,1999-09-27,drockingham1g@ted.com,3654553998,85 Dahle Place,1853 Talisman Junction,Mokopane,,54121,South Africa
Alexi,Hastewell,1992-06-25,ahastewell1h@eepurl.com,9393158316,9 Schiller Park,76 Village Place,Basseterre,,28801,Saint Kitts and Nevis
Latrena,Thaller,2000-06-19,lthaller1i@webs.com,8216625423,35 Graceland Place,5 Packers Plaza,Bulu,,92913,Philippines
Jacquenette,Raw,1998-04-25,jraw1j@yale.edu,2899027206,023 Corry Drive,19 Ryan Pass,Serpukhov,,73450,Russia
Tremain,Tombling,1994-08-01,ttombling1k@alexa.com,8091878836,8 Thierer Plaza,79327 American Junction,Marína,,32652,Greece
Lynsey,Camerello,1995-09-23,lcamerello1l@scientificamerican.com,2453644316,7720 Hoepker Center,186 Golf View Plaza,Morris,Manitoba,88926,Canada
Zsazsa,Tranter,1991-05-14,ztranter1m@cornell.edu,6741477087,3 Green Circle,2 Merrick Avenue,Skála,,81298,Greece
Gibbie,Scarrott,1992-05-21,gscarrott1n@ox.ac.uk,8639697667,8238 Rowland Parkway,5 Farwell Point,Lufang,,67995,China
Goldi,MacAirt,1991-07-24,gmacairt1o@washingtonpost.com,4862972959,12960 Dorton Pass,36 Burning Wood Circle,Moshenskoye,,63231,Russia
Mathilda,Kasparski,1995-12-30,mkasparski1p@tumblr.com,1457015222,814 Walton Court,3 Nobel Court,Zhongpai,,93867,China
Markus,Chantree,2004-04-07,mchantree1q@irs.gov,7129234106,5 Elmside Circle,62 Morning Center,Fraga,Porto,32672,Portugal
Peterus,Bardwall,1995-02-06,pbardwall1r@sakura.ne.jp,8324350733,229 Dapin Center,0 Donald Place,Nawá,,13252,Syria
Skelly,Silverson,2000-12-03,ssilverson1s@storify.com,1366910023,379 Oxford Avenue,57620 Tomscot Point,Quemú Quemú,,71624,Argentina
Devland,Guilder,1996-04-24,dguilder1t@goo.gl,8398627727,55 Johnson Center,83427 Gulseth Terrace,Recife,,54768,Brazil
Kelbee,Dudding,2001-07-10,kdudding1u@domainmarket.com,8318234033,09 Butternut Drive,735 Truax Center,Rungis,Île-de-France,66602,France
Noll,Hollibone,1991-02-28,nhollibone1v@bloglines.com,4569805639,937 Mayer Lane,66587 Kensington Street,Nagornyy,,96072,Russia
Christophorus,Aleshintsev,1991-06-19,caleshintsev1w@amazon.co.uk,1989636354,054 Killdeer Junction,0 Boyd Court,Frösön,Jämtland,10954,Sweden
Graig,O'Dooghaine,1991-04-27,godooghaine1x@example.com,2824044616,25392 Onsgard Court,8 Becker Alley,Non Suwan,,41322,Thailand
Hercule,Pescud,1999-05-20,hpescud1y@tripadvisor.com,1471001692,15 Shasta Road,8 Acker Court,Zheleznodorozhnyy,,95239,Russia
Laurianne,Balcock,2005-03-27,lbalcock1z@bbb.org,7878693731,3 International Lane,15 Gale Road,Plasy,,16607,Czech Republic
Petra,Paler,1996-04-23,ppaler20@patch.com,3621032542,70 Superior Pass,50599 Russell Alley,Gumalang,,40008,Philippines
Jodie,Schirak,2001-10-08,jschirak21@scientificamerican.com,1567492439,76654 Village Green Point,6089 Blackbird Circle,Zheleznodorozhnyy,,71293,Russia
Dermot,Antonelli,1999-10-17,dantonelli22@epa.gov,5776129325,599 Coolidge Trail,1811 Summer Ridge Place,São João da Boa Vista,,13419,Brazil
Tod,Dumbrill,1993-07-16,tdumbrill23@harvard.edu,9843724816,9 Lyons Place,15 Alpine Court,New Sibonga,,65097,Philippines
Debora,O'Dunneen,1998-07-29,dodunneen24@naver.com,4158244447,8842 Spaight Place,1858 Northwestern Court,Tanggan,,85351,China
Darline,Petrelli,2003-07-24,dpetrelli25@archive.org,6889333161,81644 Kingsford Court,27708 Center Terrace,San Rafael Petzal,,66168,Guatemala
Daisi,Stamp,2004-12-01,dstamp26@ox.ac.uk,2094614784,8643 Union Park,72 Emmet Way,Metahāra,,94852,Ethiopia
Bancroft,Cristea,1999-07-26,bcristea27@samsung.com,8255526235,56 Reinke Street,98 Commercial Avenue,Konëvo,,17777,Russia
Caressa,Bentham3,1993-05-28,cbentham28@cdc.gov,8786356611,3 Badeau Parkway,87768 Oak Lane,Lleida,Cataluna,61496,Spain
Pall,Liveing,1996-08-08,pliveing29@yahoo.co.jp,7323214722,03283 Hansons Pass,17 Melrose Junction,Sanfins,Aveiro,59204,Portugal
Sergent,Reddyhoff,2002-05-21,sreddyhoff2a@omniture.com,7785451680,1 Prairie Rose Lane,03 Sullivan Parkway,Sajan,,69999,Serbia
Farr,Trehearne,1999-11-16,ftrehearne2b@homestead.com,8912086659,99 Truax Park,99 Melody Circle,Naikolan,,90554,Indonesia
Clemmy,Bysouth,1991-01-02,cbysouth2c@sciencedirect.com,3715456827,66228 Heath Circle,845 Hollow Ridge Parkway,Miaoshi,,55537,China
Harli,Perry,2003-02-01,hperry2d@dailymail.co.uk,6738770617,7 Sachtjen Parkway,98165 Fuller Drive,Eaubonne,Île-de-France,27261,France
Ossie,Danielski,1991-06-17,odanielski2e@zdnet.com,7741362647,36 Erie Road,43808 Sauthoff Court,Tlatah,,68075,Indonesia
Teodorico,Oehm,1991-11-08,toehm2f@imdb.com,8959642767,76 Towne Road,8876 7th Circle,Bintulu,Sarawak,56568,Malaysia
Tamma,Longworth,1996-01-28,tlongworth2g@berkeley.edu,5175787892,859 South Crossing,1 Sauthoff Place,Bonga,,20152,Philippines
Bradan,Djorevic,1991-07-09,bdjorevic2h@dedecms.com,5917399633,0785 Scoville Trail,68138 Buell Terrace,Kista,Stockholm,88040,Sweden
Jereme,Dowyer,2005-04-19,jdowyer2i@mapy.cz,9362577171,17 Mallard Point,976 Victoria Street,Cikadondongdesa,,50790,Indonesia
Berkley,Maddick,2004-02-14,bmaddick2j@oakley.com,8042616618,67389 Schiller Street,56411 Victoria Court,Maiorca,Coimbra,73884,Portugal
Erich,Doodney,1995-01-16,edoodney2k@mediafire.com,1769036136,8210 Rieder Place,8 Anthes Plaza,Pacajus,,35362,Brazil
Rochette,Petruszka,2005-04-01,rpetruszka2l@uol.com.br,8539122625,63 Beilfuss Park,23 Marquette Road,Meziměstí,,16693,Czech Republic
Layne,Coolican,2002-04-26,lcoolican2m@barnesandnoble.com,1876705098,6328 Eliot Circle,9 Packers Trail,Södertälje,Stockholm,27026,Sweden
Dollie,Harvatt,2000-02-18,dharvatt2n@jugem.jp,2938859882,58375 Stang Alley,68 Eastwood Pass,Hastings,,85305,New Zealand
Grant,Skirving,2001-06-30,gskirving2o@google.ca,4922372619,633 Superior Place,379 Hagan Drive,Panognawan,,26575,Philippines
Meg,Seaton,1995-11-10,mseaton2p@amazonaws.com,3365031347,66 Ruskin Parkway,76864 Schurz Terrace,High Point,North Carolina,15637,United States
Arny,Spillane,1998-05-30,aspillane2q@walmart.com,2342712408,457 Tennyson Park,416 Superior Junction,Uchkulan,,22891,Russia
Gwyneth,Diem,2002-07-19,gdiem2r@liveinternet.ru,7155726919,4182 Melrose Way,5531 Arapahoe Court,Ureshino,,81881,Japan